order,suborder,family,common_name,scientific_name,image
Cetacea,Baleen whales,Right whale,North Atlantic Right Whale,Eubalaena glacialis,http://www.whaledolphintrust.co.uk/cust_images/illustrations/resized%20North%20Atlantic%20Right%20Whale.jpg
Cetacea,Baleen whales,Rorquals,Blue Whale,Balaenoptera musculus,http://www.whaledolphintrust.co.uk/species_details.asp?inst=19&species_id=143
Cetacea,Baleen whales,Rorquals,Fin Whale,Balaenoptera physalus,http://www.whaledolphintrust.co.uk/cust_images/illustrations/FW.jpg
Cetacea,Baleen whales,Rorquals,Sei Whale,Balaenoptera borealis,http://www.whaledolphintrust.co.uk/cust_images/illustrations/Sei%20Whale.resized.jpg
Cetacea,Baleen whales,Rorquals,Bryde's Whale,Balaenoptera brydei,
Cetacea,Baleen whales,Rorquals,Northern Minke Whale,Balaenoptera acutorostrata,http://www.whaledolphintrust.co.uk/cust_images/illustrations/MW.jpg
Cetacea,Baleen whales,Rorquals,Humpback Whale,Megaptera novaeangliae,http://www.whaledolphintrust.co.uk/cust_images/illustrations/HW.jpg
Cetacea,Toothed whales,Sperm Whale,Sperm Whale,Physeter macrocephalus,http://www.whaledolphintrust.co.uk/cust_images/illustrations/SW.jpg
Cetacea,Toothed whales,Pygmy Sperm Whale,Pygmy Sperm Whale,Kogia breviceps,http://www.whaledolphintrust.co.uk/cust_images/illustrations/Pygmy%20Sperm%20Whale%20resized.jpg
Cetacea,Toothed whales,Beaked whales,Cuvier's Beaked Whale,Ziphius cavirostris,http://www.whaledolphintrust.co.uk/cust_images/illustrations/Cuviers%20Beaked%20Whale%20resized.jpg
Cetacea,Toothed whales,Beaked whales,Northern Bottlenose Whale,Hyperoodon ampullatus,http://www.whaledolphintrust.co.uk/cust_images/illustrations/NBW.jpg
Cetacea,Toothed whales,Beaked whales,Sowerby's Beaked Whale,Mesoplodon bidens,http://www.whaledolphintrust.co.uk/cust_images/illustrations/Sowerby's%20Beaked%20Whale%20resized.jpg
Cetacea,Toothed whales,Beaked whales,True's Beaked Whale,Mesoplodon mirus,
Cetacea,Toothed whales,Oceanic dolphins,Killer Whale (Orca),Orcinus orca,http://www.whaledolphintrust.co.uk/cust_images/illustrations/KW.jpg
Cetacea,Toothed whales,Oceanic dolphins,Long-finned Pilot Whale,Globicephala melas,http://www.whaledolphintrust.co.uk/cust_images/illustrations/Long%20Finned%20Pilot%20Whale.jpg
Cetacea,Toothed whales,Oceanic dolphins,Short-finned Pilot Whale,Globicephala macrorhinchus,
Cetacea,Toothed whales,Oceanic dolphins,False Killer Whale,Pseudorca crassidens,
Cetacea,Toothed whales,Oceanic dolphins,Pygmy Killer Whale,Feressa attenuata,
Cetacea,Toothed whales,Oceanic dolphins,White-beaked Dolphin,Lagenorhynchus albirostris,http://www.whaledolphintrust.co.uk/cust_images/illustrations/WBD.JPG
Cetacea,Toothed whales,Oceanic dolphins,Atlantic White-sided Dolphin,Lagenorhynchus acutus,http://www.whaledolphintrust.co.uk/cust_images/illustrations/AWSD.jpg
Cetacea,Toothed whales,Oceanic dolphins,Risso's Dolphin,Grampus griseus,http://www.whaledolphintrust.co.uk/cust_images/illustrations/RD.jpg
Cetacea,Toothed whales,Oceanic dolphins,Bottlenose Dolphin,Tursiops truncatus,http://www.whaledolphintrust.co.uk/cust_images/illustrations/BND.jpg
Cetacea,Toothed whales,Oceanic dolphins,Striped Dolphin,Stenella coeruleoalba,http://www.whaledolphintrust.co.uk/cust_images/illustrations/Striped%20Dolphin.jpg
Cetacea,Toothed whales,Oceanic dolphins,Short-beaked Common Dolphin,Delphinus delphis,http://www.whaledolphintrust.co.uk/cust_images/illustrations/CD.jpg
Cetacea,Toothed whales,Porpoise,Harbour Porpoise,Phocoena phocoena,http://www.whaledolphintrust.co.uk/cust_images/illustrations/HP.jpg
Cetacea,Other,Other,Grey Seal,Halichoerus grypus,http://www.whaledolphintrust.co.uk/cust_images/new%20content%20images/greysealhead.JPG
Cetacea,Other,Other,Common Seal,Phoca vitulina,http://www.whaledolphintrust.co.uk/cust_images/new%20content%20images/commonseal.JPG
Cetacea,Other,Other,Basking Shark,Cetorhinus maximus,http://www.whaledolphintrust.co.uk/cust_images/illustrations/baskingsharkillustration.JPG
Cetacea,Other,Other,Sunfish,Mola mola,http://www.whaledolphintrust.co.uk/cust_images/new%20content%20images/sunfish.JPG